{"file_name":"jaw","texture_size":[128,128],"textures":{"d9305973-deba-ca33-40e9-62517e6e57ed":"modelengine:entity/rocky"},"elements":[{"name":"cube","from":[5.3,6.6499996,1.2499998],"to":[10.700001,8.0,2.6],"rotation":{"angle":0.0,"axis":"x","origin":[8.0,-14.950002,12.05]},"faces":{"down":{"uv":[11.125,1.75,10.625,1.875],"rotation":0,"texture":"#d9305973-deba-ca33-40e9-62517e6e57ed","tintindex":0},"east":{"uv":[7.5,6.0,7.625,6.125],"rotation":0,"texture":"#d9305973-deba-ca33-40e9-62517e6e57ed","tintindex":0},"north":{"uv":[1.5,9.0,2.0,9.125],"rotation":0,"texture":"#d9305973-deba-ca33-40e9-62517e6e57ed","tintindex":0},"south":{"uv":[7.75,10.0,8.25,10.125],"rotation":0,"texture":"#d9305973-deba-ca33-40e9-62517e6e57ed","tintindex":0},"up":{"uv":[1.25,10.75,0.75,10.625],"rotation":0,"texture":"#d9305973-deba-ca33-40e9-62517e6e57ed","tintindex":0},"west":{"uv":[8.5,0.625,8.625,0.75],"rotation":0,"texture":"#d9305973-deba-ca33-40e9-62517e6e57ed","tintindex":0}}},{"name":"cube","from":[3.9499998,8.0,1.2499998],"to":[12.05,9.35,2.6],"rotation":{"angle":0.0,"axis":"x","origin":[8.0,-14.950002,12.05]},"faces":{"down":{"uv":[12.875,8.125,12.125,8.25],"rotation":0,"texture":"#d9305973-deba-ca33-40e9-62517e6e57ed","tintindex":0},"east":{"uv":[4.875,9.0,5.0,9.125],"rotation":0,"texture":"#d9305973-deba-ca33-40e9-62517e6e57ed","tintindex":0},"north":{"uv":[12.125,7.75,12.875,7.875],"rotation":0,"texture":"#d9305973-deba-ca33-40e9-62517e6e57ed","tintindex":0},"south":{"uv":[12.125,7.875,12.875,8.0],"rotation":0,"texture":"#d9305973-deba-ca33-40e9-62517e6e57ed","tintindex":0},"up":{"uv":[12.875,8.125,12.125,8.0],"rotation":0,"texture":"#d9305973-deba-ca33-40e9-62517e6e57ed","tintindex":0},"west":{"uv":[10.125,2.875,10.25,3.0],"rotation":0,"texture":"#d9305973-deba-ca33-40e9-62517e6e57ed","tintindex":0}}},{"name":"cube","from":[3.9499998,6.6499996,2.6],"to":[12.05,9.35,9.35],"rotation":{"angle":0.0,"axis":"x","origin":[8.0,-14.950002,12.05]},"faces":{"down":{"uv":[10.5,2.25,9.75,2.875],"rotation":0,"texture":"#d9305973-deba-ca33-40e9-62517e6e57ed","tintindex":0},"east":{"uv":[8.25,3.375,8.875,3.625],"rotation":0,"texture":"#d9305973-deba-ca33-40e9-62517e6e57ed","tintindex":0},"north":{"uv":[11.75,4.125,12.5,4.375],"rotation":0,"texture":"#d9305973-deba-ca33-40e9-62517e6e57ed","tintindex":0},"south":{"uv":[11.75,6.5,12.5,6.75],"rotation":0,"texture":"#d9305973-deba-ca33-40e9-62517e6e57ed","tintindex":0},"up":{"uv":[10.25,0.625,9.5,0.0],"rotation":0,"texture":"#d9305973-deba-ca33-40e9-62517e6e57ed","tintindex":0},"west":{"uv":[9.875,5.625,10.5,5.875],"rotation":0,"texture":"#d9305973-deba-ca33-40e9-62517e6e57ed","tintindex":0}}}],"display":{"head":{"translation":[0.0,-6.4,0.0],"rotation":[0.0,0.0,0.0],"scale":[3.8095,3.8095,3.8095]},"gui":{"translation":[0.0,0.0,0.0],"rotation":[35.0,225.0,0.0],"scale":[0.625,0.625,0.625]}}}