{"file_name":"bone","texture_size":[96,96],"textures":{"5c6f556d-74cc-c61d-2c43-cd10d58ba312":"modelengine:entity/jabali_mob"},"elements":[{"name":"cube","from":[6.3687496,4.587134,6.3266597],"to":[8.95625,9.762135,10.016661],"rotation":{"angle":0.0,"axis":"x","origin":[12.32,9.627134,10.534161]},"faces":{"down":{"uv":[12.333334,0.0,11.833334,0.6666667],"rotation":0,"texture":"#5c6f556d-74cc-c61d-2c43-cd10d58ba312","tintindex":0},"east":{"uv":[8.0,1.8333334,8.666667,2.75],"rotation":0,"texture":"#5c6f556d-74cc-c61d-2c43-cd10d58ba312","tintindex":0},"north":{"uv":[9.166667,3.8333335,9.666667,4.75],"rotation":0,"texture":"#5c6f556d-74cc-c61d-2c43-cd10d58ba312","tintindex":0},"south":{"uv":[4.166667,9.166667,4.666667,10.083334],"rotation":0,"texture":"#5c6f556d-74cc-c61d-2c43-cd10d58ba312","tintindex":0},"up":{"uv":[0.5,12.5,0.0,11.833334],"rotation":0,"texture":"#5c6f556d-74cc-c61d-2c43-cd10d58ba312","tintindex":0},"west":{"uv":[2.5,8.0,3.1666667,8.916667],"rotation":0,"texture":"#5c6f556d-74cc-c61d-2c43-cd10d58ba312","tintindex":0}}},{"name":"cube","from":[6.187625,5.1046343,6.84416],"to":[9.137375,9.503384,9.499161],"rotation":{"angle":0.0,"axis":"x","origin":[12.32,9.627134,10.534161]},"faces":{"down":{"uv":[13.083334,0.0,12.5,0.5],"rotation":0,"texture":"#5c6f556d-74cc-c61d-2c43-cd10d58ba312","tintindex":0},"east":{"uv":[10.166667,7.8333335,10.666667,8.666667],"rotation":0,"texture":"#5c6f556d-74cc-c61d-2c43-cd10d58ba312","tintindex":0},"north":{"uv":[9.0,0.8333334,9.583334,1.6666667],"rotation":0,"texture":"#5c6f556d-74cc-c61d-2c43-cd10d58ba312","tintindex":0},"south":{"uv":[8.666667,9.0,9.25,9.833334],"rotation":0,"texture":"#5c6f556d-74cc-c61d-2c43-cd10d58ba312","tintindex":0},"up":{"uv":[12.916667,12.333334,12.333334,11.833334],"rotation":0,"texture":"#5c6f556d-74cc-c61d-2c43-cd10d58ba312","tintindex":0},"west":{"uv":[10.166667,8.833334,10.666667,9.666667],"rotation":0,"texture":"#5c6f556d-74cc-c61d-2c43-cd10d58ba312","tintindex":0}}}],"display":{"head":{"translation":[0.0,-6.4,0.0],"rotation":[0.0,0.0,0.0],"scale":[3.8095,3.8095,3.8095]},"gui":{"translation":[0.0,0.0,0.0],"rotation":[35.0,225.0,0.0],"scale":[0.625,0.625,0.625]}}}