{"file_name":"bone3","texture_size":[96,96],"textures":{"5c6f556d-74cc-c61d-2c43-cd10d58ba312":"modelengine:entity/jabali_mob"},"elements":[{"name":"cube","from":[6.8218756,6.273041,4.74141],"to":[8.970625,10.93054,8.24241],"rotation":{"angle":-45.0,"axis":"x","origin":[12.088,9.999041,8.93316]},"faces":{"down":{"uv":[12.75,12.5,12.333334,13.166667],"rotation":0,"texture":"#5c6f556d-74cc-c61d-2c43-cd10d58ba312","tintindex":0},"east":{"uv":[0.8333334,8.666667,1.5,9.5],"rotation":0,"texture":"#5c6f556d-74cc-c61d-2c43-cd10d58ba312","tintindex":0},"north":{"uv":[10.666667,11.5,11.083334,12.333334],"rotation":0,"texture":"#5c6f556d-74cc-c61d-2c43-cd10d58ba312","tintindex":0},"south":{"uv":[11.666667,3.1666667,12.083334,4.0],"rotation":0,"texture":"#5c6f556d-74cc-c61d-2c43-cd10d58ba312","tintindex":0},"up":{"uv":[12.083334,13.166667,11.666667,12.5],"rotation":0,"texture":"#5c6f556d-74cc-c61d-2c43-cd10d58ba312","tintindex":0},"west":{"uv":[1.6666667,8.666667,2.3333335,9.5],"rotation":0,"texture":"#5c6f556d-74cc-c61d-2c43-cd10d58ba312","tintindex":0}}},{"name":"cube","from":[6.658863,6.7387905,5.20716],"to":[9.133638,10.697666,7.77666],"rotation":{"angle":-45.0,"axis":"x","origin":[12.088,9.999041,8.93316]},"faces":{"down":{"uv":[2.0833335,13.333334,1.6666667,13.833334],"rotation":0,"texture":"#5c6f556d-74cc-c61d-2c43-cd10d58ba312","tintindex":0},"east":{"uv":[11.166667,5.5,11.666667,6.25],"rotation":0,"texture":"#5c6f556d-74cc-c61d-2c43-cd10d58ba312","tintindex":0},"north":{"uv":[12.0,9.833334,12.416667,10.583334],"rotation":0,"texture":"#5c6f556d-74cc-c61d-2c43-cd10d58ba312","tintindex":0},"south":{"uv":[12.0,10.833334,12.416667,11.583334],"rotation":0,"texture":"#5c6f556d-74cc-c61d-2c43-cd10d58ba312","tintindex":0},"up":{"uv":[1.4166667,13.833334,1.0,13.333334],"rotation":0,"texture":"#5c6f556d-74cc-c61d-2c43-cd10d58ba312","tintindex":0},"west":{"uv":[3.6666667,11.333334,4.166667,12.083334],"rotation":0,"texture":"#5c6f556d-74cc-c61d-2c43-cd10d58ba312","tintindex":0}}}],"display":{"head":{"translation":[0.0,-6.4,0.0],"rotation":[0.0,0.0,0.0],"scale":[3.8095,3.8095,3.8095]},"gui":{"translation":[0.0,0.0,0.0],"rotation":[35.0,225.0,0.0],"scale":[0.625,0.625,0.625]}}}