{"file_name":"bone5","texture_size":[96,96],"textures":{"5c6f556d-74cc-c61d-2c43-cd10d58ba312":"modelengine:entity/jabali_mob"},"elements":[{"name":"cube","from":[7.04375,4.587151,6.3266397],"to":[9.63125,9.762152,10.01664],"rotation":{"angle":0.0,"axis":"x","origin":[3.6799998,9.6271515,10.53414]},"faces":{"down":{"uv":[12.333334,4.166667,11.833334,4.8333335],"rotation":0,"texture":"#5c6f556d-74cc-c61d-2c43-cd10d58ba312","tintindex":0},"east":{"uv":[3.3333335,8.0,4.0,8.916667],"rotation":0,"texture":"#5c6f556d-74cc-c61d-2c43-cd10d58ba312","tintindex":0},"north":{"uv":[9.166667,6.8333335,9.666667,7.75],"rotation":0,"texture":"#5c6f556d-74cc-c61d-2c43-cd10d58ba312","tintindex":0},"south":{"uv":[9.5,8.0,10.0,8.916667],"rotation":0,"texture":"#5c6f556d-74cc-c61d-2c43-cd10d58ba312","tintindex":0},"up":{"uv":[1.1666667,12.5,0.6666667,11.833334],"rotation":0,"texture":"#5c6f556d-74cc-c61d-2c43-cd10d58ba312","tintindex":0},"west":{"uv":[8.0,5.666667,8.666667,6.5833335],"rotation":0,"texture":"#5c6f556d-74cc-c61d-2c43-cd10d58ba312","tintindex":0}}},{"name":"cube","from":[6.862625,5.1046515,6.84414],"to":[9.812375,9.503401,9.49914],"rotation":{"angle":0.0,"axis":"x","origin":[3.6799998,9.6271515,10.53414]},"faces":{"down":{"uv":[4.25,12.5,3.6666667,13.0],"rotation":0,"texture":"#5c6f556d-74cc-c61d-2c43-cd10d58ba312","tintindex":0},"east":{"uv":[3.6666667,10.333334,4.166667,11.166667],"rotation":0,"texture":"#5c6f556d-74cc-c61d-2c43-cd10d58ba312","tintindex":0},"north":{"uv":[2.5,9.166667,3.0833335,10.0],"rotation":0,"texture":"#5c6f556d-74cc-c61d-2c43-cd10d58ba312","tintindex":0},"south":{"uv":[3.3333335,9.166667,3.9166667,10.0],"rotation":0,"texture":"#5c6f556d-74cc-c61d-2c43-cd10d58ba312","tintindex":0},"up":{"uv":[13.083334,1.1666667,12.5,0.6666667],"rotation":0,"texture":"#5c6f556d-74cc-c61d-2c43-cd10d58ba312","tintindex":0},"west":{"uv":[10.5,1.6666667,11.0,2.5],"rotation":0,"texture":"#5c6f556d-74cc-c61d-2c43-cd10d58ba312","tintindex":0}}}],"display":{"head":{"translation":[0.0,-6.4,0.0],"rotation":[0.0,0.0,0.0],"scale":[3.8095,3.8095,3.8095]},"gui":{"translation":[0.0,0.0,0.0],"rotation":[35.0,225.0,0.0],"scale":[0.625,0.625,0.625]}}}