{"file_name":"bone8","texture_size":[96,96],"textures":{"5c6f556d-74cc-c61d-2c43-cd10d58ba312":"modelengine:entity/jabali_mob"},"elements":[{"name":"cube","from":[7.28075,4.1281166,8.94426],"to":[8.963751,8.319867,11.333759],"rotation":{"angle":22.5,"axis":"x","origin":[3.9305,12.977367,10.40226]},"faces":{"down":{"uv":[4.8333335,13.833334,4.5,14.25],"rotation":0,"texture":"#5c6f556d-74cc-c61d-2c43-cd10d58ba312","tintindex":0},"east":{"uv":[1.3333334,12.333334,1.75,13.083334],"rotation":0,"texture":"#5c6f556d-74cc-c61d-2c43-cd10d58ba312","tintindex":0},"north":{"uv":[13.0,12.5,13.333334,13.25],"rotation":0,"texture":"#5c6f556d-74cc-c61d-2c43-cd10d58ba312","tintindex":0},"south":{"uv":[2.6666667,13.166667,3.0,13.916667],"rotation":0,"texture":"#5c6f556d-74cc-c61d-2c43-cd10d58ba312","tintindex":0},"up":{"uv":[13.833334,14.083334,13.5,13.666667],"rotation":0,"texture":"#5c6f556d-74cc-c61d-2c43-cd10d58ba312","tintindex":0},"west":{"uv":[2.0,12.333334,2.4166667,13.083334],"rotation":0,"texture":"#5c6f556d-74cc-c61d-2c43-cd10d58ba312","tintindex":0}}},{"name":"cube","from":[7.09445,3.9883919,5.4416847],"to":[9.15005,5.322867,7.9803596],"rotation":{"angle":0.0,"axis":"x","origin":[3.9305,12.977367,10.40226]},"faces":{"down":{"uv":[10.75,13.333334,10.333334,13.833334],"rotation":0,"texture":"#5c6f556d-74cc-c61d-2c43-cd10d58ba312","tintindex":0},"east":{"uv":[14.0,2.8333335,14.5,3.0833335],"rotation":0,"texture":"#5c6f556d-74cc-c61d-2c43-cd10d58ba312","tintindex":0},"north":{"uv":[9.0,14.0,9.416667,14.25],"rotation":0,"texture":"#5c6f556d-74cc-c61d-2c43-cd10d58ba312","tintindex":0},"south":{"uv":[14.0,9.166667,14.416667,9.416667],"rotation":0,"texture":"#5c6f556d-74cc-c61d-2c43-cd10d58ba312","tintindex":0},"up":{"uv":[13.75,10.5,13.333334,10.0],"rotation":0,"texture":"#5c6f556d-74cc-c61d-2c43-cd10d58ba312","tintindex":0},"west":{"uv":[3.1666667,14.0,3.6666667,14.25],"rotation":0,"texture":"#5c6f556d-74cc-c61d-2c43-cd10d58ba312","tintindex":0}}},{"name":"cube","from":[7.2077374,4.0017495,4.6786795],"to":[9.036762,4.987362,5.5560675],"rotation":{"angle":0.0,"axis":"x","origin":[3.9072123,13.386613,11.804655]},"faces":{"down":{"uv":[14.666667,8.666667,14.333334,8.833334],"rotation":0,"texture":"#5c6f556d-74cc-c61d-2c43-cd10d58ba312","tintindex":0},"east":{"uv":[7.0,11.333334,7.166667,11.5],"rotation":0,"texture":"#5c6f556d-74cc-c61d-2c43-cd10d58ba312","tintindex":0},"north":{"uv":[14.333334,6.5,14.666667,6.666667],"rotation":0,"texture":"#5c6f556d-74cc-c61d-2c43-cd10d58ba312","tintindex":0},"south":{"uv":[14.333334,7.3333335,14.666667,7.5],"rotation":0,"texture":"#5c6f556d-74cc-c61d-2c43-cd10d58ba312","tintindex":0},"up":{"uv":[8.5,14.5,8.166667,14.333334],"rotation":0,"texture":"#5c6f556d-74cc-c61d-2c43-cd10d58ba312","tintindex":0},"west":{"uv":[1.3333334,11.833334,1.5,12.0],"rotation":0,"texture":"#5c6f556d-74cc-c61d-2c43-cd10d58ba312","tintindex":0}}}],"display":{"head":{"translation":[0.0,-6.4,0.0],"rotation":[0.0,0.0,0.0],"scale":[3.8095,3.8095,3.8095]},"gui":{"translation":[0.0,0.0,0.0],"rotation":[35.0,225.0,0.0],"scale":[0.625,0.625,0.625]}}}