{"file_name":"cola","texture_size":[96,96],"textures":{"5c6f556d-74cc-c61d-2c43-cd10d58ba312":"modelengine:entity/jabali_mob"},"elements":[{"name":"cube","from":[7.2125,5.2437496,9.5],"to":[8.7875,9.293751,10.4],"rotation":{"angle":-22.5,"axis":"x","origin":[8.0,3.7175,9.53]},"faces":{"down":{"uv":[10.166667,4.666667,9.833334,4.8333335],"rotation":0,"texture":"#5c6f556d-74cc-c61d-2c43-cd10d58ba312","tintindex":0},"east":{"uv":[2.3333335,13.333334,2.5,14.083334],"rotation":0,"texture":"#5c6f556d-74cc-c61d-2c43-cd10d58ba312","tintindex":0},"north":{"uv":[13.0,3.8333335,13.333334,4.5833335],"rotation":0,"texture":"#5c6f556d-74cc-c61d-2c43-cd10d58ba312","tintindex":0},"south":{"uv":[13.0,4.8333335,13.333334,5.5833335],"rotation":0,"texture":"#5c6f556d-74cc-c61d-2c43-cd10d58ba312","tintindex":0},"up":{"uv":[6.0,2.1666667,5.666667,2.0],"rotation":0,"texture":"#5c6f556d-74cc-c61d-2c43-cd10d58ba312","tintindex":0},"west":{"uv":[1.0,14.0,1.1666667,14.75],"rotation":0,"texture":"#5c6f556d-74cc-c61d-2c43-cd10d58ba312","tintindex":0}}},{"name":"cube","from":[7.4375,3.8937497,10.4],"to":[8.5625,6.3687496,11.3],"rotation":{"angle":-22.5,"axis":"x","origin":[8.0,3.7175,9.53]},"faces":{"down":{"uv":[14.583334,11.0,14.333334,11.166667],"rotation":0,"texture":"#5c6f556d-74cc-c61d-2c43-cd10d58ba312","tintindex":0},"east":{"uv":[3.1666667,5.166667,3.3333335,5.666667],"rotation":0,"texture":"#5c6f556d-74cc-c61d-2c43-cd10d58ba312","tintindex":0},"north":{"uv":[14.0,1.1666667,14.25,1.6666667],"rotation":0,"texture":"#5c6f556d-74cc-c61d-2c43-cd10d58ba312","tintindex":0},"south":{"uv":[1.3333334,14.0,1.5833334,14.5],"rotation":0,"texture":"#5c6f556d-74cc-c61d-2c43-cd10d58ba312","tintindex":0},"up":{"uv":[14.583334,10.833334,14.333334,10.666667],"rotation":0,"texture":"#5c6f556d-74cc-c61d-2c43-cd10d58ba312","tintindex":0},"west":{"uv":[5.5,6.0,5.666667,6.5],"rotation":0,"texture":"#5c6f556d-74cc-c61d-2c43-cd10d58ba312","tintindex":0}}}],"display":{"head":{"translation":[0.0,-6.4,0.0],"rotation":[0.0,0.0,0.0],"scale":[3.8095,3.8095,3.8095]},"gui":{"translation":[0.0,0.0,0.0],"rotation":[35.0,225.0,0.0],"scale":[0.625,0.625,0.625]}}}