{"file_name":"left_leg","texture_size":[96,96],"textures":{"5c6f556d-74cc-c61d-2c43-cd10d58ba312":"modelengine:entity/jabali_mob"},"elements":[{"name":"cube","from":[7.44632,5.9467173,5.30616],"to":[10.24082,10.572718,9.96366],"rotation":{"angle":0.0,"axis":"x","origin":[4.65182,6.8782167,10.053659]},"faces":{"down":{"uv":[11.0,5.666667,10.5,6.5],"rotation":0,"texture":"#5c6f556d-74cc-c61d-2c43-cd10d58ba312","tintindex":0},"east":{"uv":[1.0,6.8333335,1.8333334,7.666667],"rotation":0,"texture":"#5c6f556d-74cc-c61d-2c43-cd10d58ba312","tintindex":0},"north":{"uv":[4.3333335,10.5,4.8333335,11.333334],"rotation":0,"texture":"#5c6f556d-74cc-c61d-2c43-cd10d58ba312","tintindex":0},"south":{"uv":[10.5,4.666667,11.0,5.5],"rotation":0,"texture":"#5c6f556d-74cc-c61d-2c43-cd10d58ba312","tintindex":0},"up":{"uv":[5.5,11.333334,5.0,10.5],"rotation":0,"texture":"#5c6f556d-74cc-c61d-2c43-cd10d58ba312","tintindex":0},"west":{"uv":[6.8333335,1.0,7.666667,1.8333334],"rotation":0,"texture":"#5c6f556d-74cc-c61d-2c43-cd10d58ba312","tintindex":0}}},{"name":"cube","from":[7.44632,6.412467,5.7719097],"to":[10.473696,10.106966,9.49791],"rotation":{"angle":0.0,"axis":"x","origin":[4.65182,6.8782167,10.053659]},"faces":{"down":{"uv":[1.4166667,11.0,0.8333334,11.666667],"rotation":0,"texture":"#5c6f556d-74cc-c61d-2c43-cd10d58ba312","tintindex":0},"east":{"uv":[4.8333335,9.666667,5.5,10.333334],"rotation":0,"texture":"#5c6f556d-74cc-c61d-2c43-cd10d58ba312","tintindex":0},"north":{"uv":[10.833334,8.5,11.416667,9.166667],"rotation":0,"texture":"#5c6f556d-74cc-c61d-2c43-cd10d58ba312","tintindex":0},"south":{"uv":[0.0,11.0,0.5833334,11.666667],"rotation":0,"texture":"#5c6f556d-74cc-c61d-2c43-cd10d58ba312","tintindex":0},"up":{"uv":[11.583334,0.6666667,11.0,0.0],"rotation":0,"texture":"#5c6f556d-74cc-c61d-2c43-cd10d58ba312","tintindex":0},"west":{"uv":[9.666667,5.0,10.333334,5.666667],"rotation":0,"texture":"#5c6f556d-74cc-c61d-2c43-cd10d58ba312","tintindex":0}}},{"name":"cube","from":[7.6791954,6.412467,5.073285],"to":[9.77507,10.106966,10.196535],"rotation":{"angle":0.0,"axis":"x","origin":[4.65182,6.8782167,10.053659]},"faces":{"down":{"uv":[2.75,11.166667,2.3333335,12.083334],"rotation":0,"texture":"#5c6f556d-74cc-c61d-2c43-cd10d58ba312","tintindex":0},"east":{"uv":[6.3333335,8.0,7.25,8.666667],"rotation":0,"texture":"#5c6f556d-74cc-c61d-2c43-cd10d58ba312","tintindex":0},"north":{"uv":[7.0,12.666667,7.416667,13.333334],"rotation":0,"texture":"#5c6f556d-74cc-c61d-2c43-cd10d58ba312","tintindex":0},"south":{"uv":[7.666667,12.666667,8.083334,13.333334],"rotation":0,"texture":"#5c6f556d-74cc-c61d-2c43-cd10d58ba312","tintindex":0},"up":{"uv":[2.0833335,12.083334,1.6666667,11.166667],"rotation":0,"texture":"#5c6f556d-74cc-c61d-2c43-cd10d58ba312","tintindex":0},"west":{"uv":[7.5,8.0,8.416667,8.666667],"rotation":0,"texture":"#5c6f556d-74cc-c61d-2c43-cd10d58ba312","tintindex":0}}},{"name":"cube","from":[7.63262,9.532992,5.7719097],"to":[9.868221,10.805592,9.49791],"rotation":{"angle":0.0,"axis":"x","origin":[4.65182,6.8782167,10.053659]},"faces":{"down":{"uv":[13.083334,9.333334,12.666667,10.0],"rotation":0,"texture":"#5c6f556d-74cc-c61d-2c43-cd10d58ba312","tintindex":0},"east":{"uv":[13.5,6.3333335,14.166667,6.5833335],"rotation":0,"texture":"#5c6f556d-74cc-c61d-2c43-cd10d58ba312","tintindex":0},"north":{"uv":[7.5,14.0,7.916667,14.25],"rotation":0,"texture":"#5c6f556d-74cc-c61d-2c43-cd10d58ba312","tintindex":0},"south":{"uv":[14.0,7.8333335,14.416667,8.083334],"rotation":0,"texture":"#5c6f556d-74cc-c61d-2c43-cd10d58ba312","tintindex":0},"up":{"uv":[8.75,13.333334,8.333334,12.666667],"rotation":0,"texture":"#5c6f556d-74cc-c61d-2c43-cd10d58ba312","tintindex":0},"west":{"uv":[6.8333335,13.5,7.5,13.75],"rotation":0,"texture":"#5c6f556d-74cc-c61d-2c43-cd10d58ba312","tintindex":0}}}],"display":{"head":{"translation":[0.0,-6.4,0.0],"rotation":[0.0,0.0,0.0],"scale":[3.8095,3.8095,3.8095]},"gui":{"translation":[0.0,0.0,0.0],"rotation":[35.0,225.0,0.0],"scale":[0.625,0.625,0.625]}}}