{"data":25,"parent":"item/generated","textures":{"layer0":"item/leather_horse_armor"},"overrides":[{"predicate":{"custom_model_data":1},"model":"modelengine:jabali_enemy/head"},{"predicate":{"custom_model_data":2},"model":"modelengine:jabali_enemy/cola"},{"predicate":{"custom_model_data":3},"model":"modelengine:jabali_enemy/body"},{"predicate":{"custom_model_data":4},"model":"modelengine:jabali_enemy/bone2"},{"predicate":{"custom_model_data":5},"model":"modelengine:jabali_enemy/bone"},{"predicate":{"custom_model_data":6},"model":"modelengine:jabali_enemy/right_arm"},{"predicate":{"custom_model_data":7},"model":"modelengine:jabali_enemy/bone6"},{"predicate":{"custom_model_data":8},"model":"modelengine:jabali_enemy/bone5"},{"predicate":{"custom_model_data":9},"model":"modelengine:jabali_enemy/left_arm"},{"predicate":{"custom_model_data":10},"model":"modelengine:jabali_enemy/bone4"},{"predicate":{"custom_model_data":11},"model":"modelengine:jabali_enemy/bone3"},{"predicate":{"custom_model_data":12},"model":"modelengine:jabali_enemy/right_leg"},{"predicate":{"custom_model_data":13},"model":"modelengine:jabali_enemy/bone8"},{"predicate":{"custom_model_data":14},"model":"modelengine:jabali_enemy/bone7"},{"predicate":{"custom_model_data":15},"model":"modelengine:jabali_enemy/left_leg"},{"predicate":{"custom_model_data":16},"model":"modelengine:kindletronsr/head"},{"predicate":{"custom_model_data":17},"model":"modelengine:kindletronsr/righthand"},{"predicate":{"custom_model_data":18},"model":"modelengine:kindletronsr/rightarm"},{"predicate":{"custom_model_data":19},"model":"modelengine:kindletronsr/lefthand"},{"predicate":{"custom_model_data":20},"model":"modelengine:kindletronsr/leftarm"},{"predicate":{"custom_model_data":21},"model":"modelengine:kindletronsr/rightfoot"},{"predicate":{"custom_model_data":22},"model":"modelengine:kindletronsr/rightleg"},{"predicate":{"custom_model_data":23},"model":"modelengine:kindletronsr/leftfoot"},{"predicate":{"custom_model_data":24},"model":"modelengine:kindletronsr/leftleg"},{"predicate":{"custom_model_data":25},"model":"modelengine:kindletronsr/kindletronsr"}]}