{"file_name":"rightarm","texture_size":[128,128],"textures":{"a88316f6-1581-d70e-f401-375a97378ca4":"modelengine:entity/kindletronsr4"},"elements":[{"name":"cube","from":[8.848528,0.7999997,6.2],"to":[12.448528,3.7999997,9.8],"rotation":{"angle":0.0,"axis":"x","origin":[10.648528,2.2999997,8.0]},"faces":{"down":{"uv":[11.75,11.5,11.0,12.25],"rotation":0,"texture":"#a88316f6-1581-d70e-f401-375a97378ca4","tintindex":0},"east":{"uv":[9.125,11.625,9.875,12.25],"rotation":0,"texture":"#a88316f6-1581-d70e-f401-375a97378ca4","tintindex":0},"north":{"uv":[8.375,11.625,9.125,12.25],"rotation":0,"texture":"#a88316f6-1581-d70e-f401-375a97378ca4","tintindex":0},"south":{"uv":[11.625,9.625,12.375,10.25],"rotation":0,"texture":"#a88316f6-1581-d70e-f401-375a97378ca4","tintindex":0},"up":{"uv":[12.25,9.0,11.5,8.25],"rotation":0,"texture":"#a88316f6-1581-d70e-f401-375a97378ca4","tintindex":0},"west":{"uv":[9.875,11.625,10.625,12.25],"rotation":0,"texture":"#a88316f6-1581-d70e-f401-375a97378ca4","tintindex":0}}},{"name":"cube","from":[7.648528,3.7999997,3.1999998],"to":[14.848528,15.2,11.6],"rotation":{"angle":0.0,"axis":"x","origin":[11.2485285,9.5,7.4]},"faces":{"down":{"uv":[7.875,3.0,6.375,4.75],"rotation":0,"texture":"#a88316f6-1581-d70e-f401-375a97378ca4","tintindex":0},"east":{"uv":[0.0,3.875,1.75,6.25],"rotation":0,"texture":"#a88316f6-1581-d70e-f401-375a97378ca4","tintindex":0},"north":{"uv":[3.5,5.125,5.0,7.5],"rotation":0,"texture":"#a88316f6-1581-d70e-f401-375a97378ca4","tintindex":0},"south":{"uv":[5.0,5.125,6.5,7.5],"rotation":0,"texture":"#a88316f6-1581-d70e-f401-375a97378ca4","tintindex":0},"up":{"uv":[3.0,8.0,1.5,6.25],"rotation":0,"texture":"#a88316f6-1581-d70e-f401-375a97378ca4","tintindex":0},"west":{"uv":[1.75,3.875,3.5,6.25],"rotation":0,"texture":"#a88316f6-1581-d70e-f401-375a97378ca4","tintindex":0}}},{"name":"cube","from":[9.448528,-1.0000005,6.851472],"to":[11.848528,1.3999997,9.251472],"rotation":{"angle":45.0,"axis":"x","origin":[10.648528,0.19999981,8.051472]},"faces":{"down":{"uv":[8.125,12.375,7.625,12.875],"rotation":0,"texture":"#a88316f6-1581-d70e-f401-375a97378ca4","tintindex":0},"east":{"uv":[3.625,12.375,4.125,12.875],"rotation":0,"texture":"#a88316f6-1581-d70e-f401-375a97378ca4","tintindex":0},"north":{"uv":[11.625,7.125,12.125,7.625],"rotation":0,"texture":"#a88316f6-1581-d70e-f401-375a97378ca4","tintindex":0},"south":{"uv":[12.375,3.875,12.875,4.375],"rotation":0,"texture":"#a88316f6-1581-d70e-f401-375a97378ca4","tintindex":0},"up":{"uv":[12.875,7.0,12.375,6.5],"rotation":0,"texture":"#a88316f6-1581-d70e-f401-375a97378ca4","tintindex":0},"west":{"uv":[12.375,4.375,12.875,4.875],"rotation":0,"texture":"#a88316f6-1581-d70e-f401-375a97378ca4","tintindex":0}}}],"display":{"head":{"translation":[0.0,-6.4,0.0],"rotation":[0.0,0.0,0.0],"scale":[3.8095,3.8095,3.8095]},"gui":{"translation":[0.0,0.0,0.0],"rotation":[35.0,225.0,0.0],"scale":[0.625,0.625,0.625]}}}