{"file_name":"rightfoot","texture_size":[128,128],"textures":{"a88316f6-1581-d70e-f401-375a97378ca4":"modelengine:entity/kindletronsr4"},"elements":[{"name":"cube","from":[7.4,3.7399998,8.0],"to":[9.2,8.0,9.2],"rotation":{"angle":0.0,"axis":"x","origin":[8.3,6.335,9.2]},"faces":{"down":{"uv":[12.5,7.5,12.875,7.75],"rotation":0,"texture":"#a88316f6-1581-d70e-f401-375a97378ca4","tintindex":0},"east":{"uv":[10.625,6.5,10.875,7.375],"rotation":0,"texture":"#a88316f6-1581-d70e-f401-375a97378ca4","tintindex":0},"north":{"uv":[6.375,12.25,6.75,13.125],"rotation":0,"texture":"#a88316f6-1581-d70e-f401-375a97378ca4","tintindex":0},"south":{"uv":[12.25,8.25,12.625,9.125],"rotation":0,"texture":"#a88316f6-1581-d70e-f401-375a97378ca4","tintindex":0},"up":{"uv":[12.875,7.5,12.5,7.25],"rotation":0,"texture":"#a88316f6-1581-d70e-f401-375a97378ca4","tintindex":0},"west":{"uv":[11.375,12.25,11.625,13.125],"rotation":0,"texture":"#a88316f6-1581-d70e-f401-375a97378ca4","tintindex":0}}},{"name":"cube","from":[7.4,5.6,9.2],"to":[9.2,8.0,10.4],"rotation":{"angle":0.0,"axis":"x","origin":[8.3,6.335,9.2]},"faces":{"down":{"uv":[12.5,8.0,12.875,8.25],"rotation":0,"texture":"#a88316f6-1581-d70e-f401-375a97378ca4","tintindex":0},"east":{"uv":[1.0,12.5,1.25,13.0],"rotation":0,"texture":"#a88316f6-1581-d70e-f401-375a97378ca4","tintindex":0},"north":{"uv":[7.375,0.75,7.75,1.25],"rotation":0,"texture":"#a88316f6-1581-d70e-f401-375a97378ca4","tintindex":0},"south":{"uv":[7.125,8.5,7.5,9.0],"rotation":0,"texture":"#a88316f6-1581-d70e-f401-375a97378ca4","tintindex":0},"up":{"uv":[12.875,8.0,12.5,7.75],"rotation":0,"texture":"#a88316f6-1581-d70e-f401-375a97378ca4","tintindex":0},"west":{"uv":[4.375,12.5,4.625,13.0],"rotation":0,"texture":"#a88316f6-1581-d70e-f401-375a97378ca4","tintindex":0}}}],"display":{"head":{"translation":[0.0,-6.4,0.0],"rotation":[0.0,0.0,0.0],"scale":[3.8095,3.8095,3.8095]},"gui":{"translation":[0.0,0.0,0.0],"rotation":[35.0,225.0,0.0],"scale":[0.625,0.625,0.625]}}}