{"file_name":"righthand","texture_size":[128,128],"textures":{"a88316f6-1581-d70e-f401-375a97378ca4":"modelengine:entity/kindletronsr4"},"elements":[{"name":"cube","from":[6.2,1.3999997,6.2],"to":[9.8,7.4,9.8],"rotation":{"angle":0.0,"axis":"x","origin":[8.0,-0.6000006,8.0]},"faces":{"down":{"uv":[2.875,11.625,2.125,12.375],"rotation":0,"texture":"#a88316f6-1581-d70e-f401-375a97378ca4","tintindex":0},"east":{"uv":[10.5,1.25,11.25,2.5],"rotation":0,"texture":"#a88316f6-1581-d70e-f401-375a97378ca4","tintindex":0},"north":{"uv":[10.5,0.0,11.25,1.25],"rotation":0,"texture":"#a88316f6-1581-d70e-f401-375a97378ca4","tintindex":0},"south":{"uv":[10.625,4.0,11.375,5.25],"rotation":0,"texture":"#a88316f6-1581-d70e-f401-375a97378ca4","tintindex":0},"up":{"uv":[2.125,12.375,1.375,11.625],"rotation":0,"texture":"#a88316f6-1581-d70e-f401-375a97378ca4","tintindex":0},"west":{"uv":[10.625,5.25,11.375,6.5],"rotation":0,"texture":"#a88316f6-1581-d70e-f401-375a97378ca4","tintindex":0}}},{"name":"cube","from":[7.4,-5.8,6.8],"to":[8.6,1.3999997,9.2],"rotation":{"angle":0.0,"axis":"x","origin":[8.0,-0.6000006,8.0]},"faces":{"down":{"uv":[2.5,14.875,2.75,15.375],"rotation":0,"texture":"#a88316f6-1581-d70e-f401-375a97378ca4","tintindex":0},"east":{"uv":[14.875,15.0,15.375,16.0],"rotation":0,"texture":"#a88316f6-1581-d70e-f401-375a97378ca4","tintindex":0},"north":{"uv":[13.25,15.0,13.5,16.0],"rotation":0,"texture":"#a88316f6-1581-d70e-f401-375a97378ca4","tintindex":0},"south":{"uv":[2.5,15.0,2.75,16.0],"rotation":0,"texture":"#a88316f6-1581-d70e-f401-375a97378ca4","tintindex":0},"up":{"uv":[2.5,0.625,2.75,1.125],"rotation":0,"texture":"#a88316f6-1581-d70e-f401-375a97378ca4","tintindex":0},"west":{"uv":[0.625,15.0,1.125,16.0],"rotation":0,"texture":"#a88316f6-1581-d70e-f401-375a97378ca4","tintindex":0}}},{"name":"cube","from":[8.0,-8.8,3.1999998],"to":[8.0,0.7999997,12.8],"rotation":{"angle":0.0,"axis":"x","origin":[8.0,-0.6000006,8.0]},"faces":{"down":{"uv":[9.875,15.25,9.25,16.0],"rotation":0,"texture":"#a88316f6-1581-d70e-f401-375a97378ca4","tintindex":0},"east":{"uv":[10.875,14.0,12.875,16.0],"rotation":0,"texture":"#a88316f6-1581-d70e-f401-375a97378ca4","tintindex":0},"north":{"uv":[10.0,15.5,10.625,16.0],"rotation":0,"texture":"#a88316f6-1581-d70e-f401-375a97378ca4","tintindex":0},"south":{"uv":[9.625,15.5,10.25,16.0],"rotation":0,"texture":"#a88316f6-1581-d70e-f401-375a97378ca4","tintindex":0},"up":{"uv":[10.0,16.0,9.375,15.25],"rotation":0,"texture":"#a88316f6-1581-d70e-f401-375a97378ca4","tintindex":0},"west":{"uv":[10.875,14.0,12.875,16.0],"rotation":0,"texture":"#a88316f6-1581-d70e-f401-375a97378ca4","tintindex":0}}}],"display":{"head":{"translation":[0.0,-6.4,0.0],"rotation":[0.0,0.0,0.0],"scale":[3.8095,3.8095,3.8095]},"gui":{"translation":[0.0,0.0,0.0],"rotation":[35.0,225.0,0.0],"scale":[0.625,0.625,0.625]}}}