{"data":63,"parent":"item/generated","textures":{"layer0":"item/leather_horse_armor"},"overrides":[{"predicate":{"custom_model_data":1},"model":"modelengine:rocky/crystal3"},{"predicate":{"custom_model_data":2},"model":"modelengine:rocky/cryatla1"},{"predicate":{"custom_model_data":3},"model":"modelengine:rocky/cystal3"},{"predicate":{"custom_model_data":4},"model":"modelengine:rocky/crystal2"},{"predicate":{"custom_model_data":5},"model":"modelengine:rocky/lowerleftarm"},{"predicate":{"custom_model_data":6},"model":"modelengine:rocky/leftarm"},{"predicate":{"custom_model_data":7},"model":"modelengine:rocky/lowerrightarm"},{"predicate":{"custom_model_data":8},"model":"modelengine:rocky/rightarm"},{"predicate":{"custom_model_data":9},"model":"modelengine:rocky/jaw"},{"predicate":{"custom_model_data":10},"model":"modelengine:rocky/head"},{"predicate":{"custom_model_data":11},"model":"modelengine:rocky/body"},{"predicate":{"custom_model_data":12},"model":"modelengine:rocky/rightleg4"},{"predicate":{"custom_model_data":13},"model":"modelengine:rocky/leftleg"},{"predicate":{"custom_model_data":14},"model":"modelengine:rocky/rightleg2"},{"predicate":{"custom_model_data":15},"model":"modelengine:rocky/rightleg"},{"predicate":{"custom_model_data":16},"model":"modelengine:shroom/shroom"},{"predicate":{"custom_model_data":17},"model":"modelengine:shroominvis/shroom"},{"predicate":{"custom_model_data":18},"model":"modelengine:teemo/right_eyebrow"},{"predicate":{"custom_model_data":19},"model":"modelengine:teemo/left_eyebrow"},{"predicate":{"custom_model_data":20},"model":"modelengine:teemo/wood"},{"predicate":{"custom_model_data":21},"model":"modelengine:teemo/left_ear"},{"predicate":{"custom_model_data":22},"model":"modelengine:teemo/right_ear"},{"predicate":{"custom_model_data":23},"model":"modelengine:teemo/head"},{"predicate":{"custom_model_data":24},"model":"modelengine:teemo/left_foot"},{"predicate":{"custom_model_data":25},"model":"modelengine:teemo/left_lowerleg"},{"predicate":{"custom_model_data":26},"model":"modelengine:teemo/left_leg"},{"predicate":{"custom_model_data":27},"model":"modelengine:teemo/right_foot"},{"predicate":{"custom_model_data":28},"model":"modelengine:teemo/right_lowerleg"},{"predicate":{"custom_model_data":29},"model":"modelengine:teemo/right_leg"},{"predicate":{"custom_model_data":30},"model":"modelengine:teemo/torsobottom"},{"predicate":{"custom_model_data":31},"model":"modelengine:teemo/torsomiddle"},{"predicate":{"custom_model_data":32},"model":"modelengine:teemo/bamboo"},{"predicate":{"custom_model_data":33},"model":"modelengine:teemo/left_hand"},{"predicate":{"custom_model_data":34},"model":"modelengine:teemo/left_lowerarm"},{"predicate":{"custom_model_data":35},"model":"modelengine:teemo/left_arm"},{"predicate":{"custom_model_data":36},"model":"modelengine:teemo/right_lowerarm"},{"predicate":{"custom_model_data":37},"model":"modelengine:teemo/right_arm"},{"predicate":{"custom_model_data":38},"model":"modelengine:teemo/torsoupper"},{"predicate":{"custom_model_data":39},"model":"modelengine:jabali_enemy/head"},{"predicate":{"custom_model_data":40},"model":"modelengine:jabali_enemy/cola"},{"predicate":{"custom_model_data":41},"model":"modelengine:jabali_enemy/body"},{"predicate":{"custom_model_data":42},"model":"modelengine:jabali_enemy/bone2"},{"predicate":{"custom_model_data":43},"model":"modelengine:jabali_enemy/bone"},{"predicate":{"custom_model_data":44},"model":"modelengine:jabali_enemy/right_arm"},{"predicate":{"custom_model_data":45},"model":"modelengine:jabali_enemy/bone6"},{"predicate":{"custom_model_data":46},"model":"modelengine:jabali_enemy/bone5"},{"predicate":{"custom_model_data":47},"model":"modelengine:jabali_enemy/left_arm"},{"predicate":{"custom_model_data":48},"model":"modelengine:jabali_enemy/bone4"},{"predicate":{"custom_model_data":49},"model":"modelengine:jabali_enemy/bone3"},{"predicate":{"custom_model_data":50},"model":"modelengine:jabali_enemy/right_leg"},{"predicate":{"custom_model_data":51},"model":"modelengine:jabali_enemy/bone8"},{"predicate":{"custom_model_data":52},"model":"modelengine:jabali_enemy/bone7"},{"predicate":{"custom_model_data":53},"model":"modelengine:jabali_enemy/left_leg"},{"predicate":{"custom_model_data":54},"model":"modelengine:kindletronsr/head"},{"predicate":{"custom_model_data":55},"model":"modelengine:kindletronsr/righthand"},{"predicate":{"custom_model_data":56},"model":"modelengine:kindletronsr/rightarm"},{"predicate":{"custom_model_data":57},"model":"modelengine:kindletronsr/lefthand"},{"predicate":{"custom_model_data":58},"model":"modelengine:kindletronsr/leftarm"},{"predicate":{"custom_model_data":59},"model":"modelengine:kindletronsr/rightfoot"},{"predicate":{"custom_model_data":60},"model":"modelengine:kindletronsr/rightleg"},{"predicate":{"custom_model_data":61},"model":"modelengine:kindletronsr/leftfoot"},{"predicate":{"custom_model_data":62},"model":"modelengine:kindletronsr/leftleg"},{"predicate":{"custom_model_data":63},"model":"modelengine:kindletronsr/kindletronsr"}]}